mean_pts,var_pts,team
73.85714285714286,118.43956043956044,Duke
80.92857142857143,171.91758241758242,UNC
79.53333333333333,173.26666666666668,NC State
